,alpha,solver,tolerance,score
0,0.1,auto,1e-06,0.004447948261360074
1,0.1,auto,1e-06,0.00445938835770207
2,0.1,auto,1e-06,0.0008640252554710513
3,0.1,auto,1e-06,0.0014307014077997915
4,0.1,auto,1e-06,0.0037930760117808287
5,0.1,auto,1e-05,0.004447948261360074
6,0.1,auto,1e-05,0.00445938835770207
7,0.1,auto,1e-05,0.0008640252554710513
8,0.1,auto,1e-05,0.0014307014077997915
9,0.1,auto,1e-05,0.0037930760117808287
10,0.1,auto,0.0001,0.004447948261360074
11,0.1,auto,0.0001,0.00445938835770207
12,0.1,auto,0.0001,0.0008640252554710513
13,0.1,auto,0.0001,0.0014307014077997915
14,0.1,auto,0.0001,0.0037930760117808287
15,0.1,auto,0.001,0.004447948261360074
16,0.1,auto,0.001,0.00445938835770207
17,0.1,auto,0.001,0.0008640252554710513
18,0.1,auto,0.001,0.0014307014077997915
19,0.1,auto,0.001,0.0037930760117808287
20,0.1,auto,0.01,0.004447948261360074
21,0.1,auto,0.01,0.00445938835770207
22,0.1,auto,0.01,0.0008640252554710513
23,0.1,auto,0.01,0.0014307014077997915
24,0.1,auto,0.01,0.0037930760117808287
25,0.1,svd,1e-06,0.004447948261360063
26,0.1,svd,1e-06,0.004459388357701997
27,0.1,svd,1e-06,0.0008640252554710347
28,0.1,svd,1e-06,0.0014307014077997826
29,0.1,svd,1e-06,0.003793076011780837
30,0.1,svd,1e-05,0.004447948261360063
31,0.1,svd,1e-05,0.004459388357701997
32,0.1,svd,1e-05,0.0008640252554710347
33,0.1,svd,1e-05,0.0014307014077997826
34,0.1,svd,1e-05,0.003793076011780837
35,0.1,svd,0.0001,0.004447948261360063
36,0.1,svd,0.0001,0.004459388357701997
37,0.1,svd,0.0001,0.0008640252554710347
38,0.1,svd,0.0001,0.0014307014077997826
39,0.1,svd,0.0001,0.003793076011780837
40,0.1,svd,0.001,0.004447948261360063
41,0.1,svd,0.001,0.004459388357701997
42,0.1,svd,0.001,0.0008640252554710347
43,0.1,svd,0.001,0.0014307014077997826
44,0.1,svd,0.001,0.003793076011780837
45,0.1,svd,0.01,0.004447948261360063
46,0.1,svd,0.01,0.004459388357701997
47,0.1,svd,0.01,0.0008640252554710347
48,0.1,svd,0.01,0.0014307014077997826
49,0.1,svd,0.01,0.003793076011780837
50,0.1,cholesky,1e-06,0.004447948261360074
51,0.1,cholesky,1e-06,0.00445938835770207
52,0.1,cholesky,1e-06,0.0008640252554710513
53,0.1,cholesky,1e-06,0.0014307014077997915
54,0.1,cholesky,1e-06,0.0037930760117808287
55,0.1,cholesky,1e-05,0.004447948261360074
56,0.1,cholesky,1e-05,0.00445938835770207
57,0.1,cholesky,1e-05,0.0008640252554710513
58,0.1,cholesky,1e-05,0.0014307014077997915
59,0.1,cholesky,1e-05,0.0037930760117808287
60,0.1,cholesky,0.0001,0.004447948261360074
61,0.1,cholesky,0.0001,0.00445938835770207
62,0.1,cholesky,0.0001,0.0008640252554710513
63,0.1,cholesky,0.0001,0.0014307014077997915
64,0.1,cholesky,0.0001,0.0037930760117808287
65,0.1,cholesky,0.001,0.004447948261360074
66,0.1,cholesky,0.001,0.00445938835770207
67,0.1,cholesky,0.001,0.0008640252554710513
68,0.1,cholesky,0.001,0.0014307014077997915
69,0.1,cholesky,0.001,0.0037930760117808287
70,0.1,cholesky,0.01,0.004447948261360074
71,0.1,cholesky,0.01,0.00445938835770207
72,0.1,cholesky,0.01,0.0008640252554710513
73,0.1,cholesky,0.01,0.0014307014077997915
74,0.1,cholesky,0.01,0.0037930760117808287
75,0.1,lsqr,1e-06,0.004447948261359249
76,0.1,lsqr,1e-06,0.004459388357704875
77,0.1,lsqr,1e-06,0.0008640252554874587
78,0.1,lsqr,1e-06,0.0014307014078005983
79,0.1,lsqr,1e-06,0.00379307601179647
80,0.1,lsqr,1e-05,0.004447948261359249
81,0.1,lsqr,1e-05,0.004459388357704875
82,0.1,lsqr,1e-05,0.0008640252554874587
83,0.1,lsqr,1e-05,0.0014307014078005983
84,0.1,lsqr,1e-05,0.00379307601179647
85,0.1,lsqr,0.0001,0.004447948261359249
86,0.1,lsqr,0.0001,0.004459388357704875
87,0.1,lsqr,0.0001,0.0008640252554874587
88,0.1,lsqr,0.0001,0.0014307014078005983
89,0.1,lsqr,0.0001,0.00379307601179647
90,0.1,lsqr,0.001,0.004447948261359249
91,0.1,lsqr,0.001,0.004459388357704875
92,0.1,lsqr,0.001,0.0008640252554874587
93,0.1,lsqr,0.001,0.0014307014078005983
94,0.1,lsqr,0.001,0.00379307601179647
95,0.1,lsqr,0.01,0.0027528296963918644
96,0.1,lsqr,0.01,0.007382507208819279
97,0.1,lsqr,0.01,0.0007206683130248733
98,0.1,lsqr,0.01,0.003730325227132801
99,0.1,lsqr,0.01,0.0038069864357678207
100,0.1,sparse_cg,1e-06,0.004447948261362786
101,0.1,sparse_cg,1e-06,0.00445938835770724
102,0.1,sparse_cg,1e-06,0.0008640252554711028
103,0.1,sparse_cg,1e-06,0.0014307014077966384
104,0.1,sparse_cg,1e-06,0.0037930760117647526
105,0.1,sparse_cg,1e-05,0.004447948261362786
106,0.1,sparse_cg,1e-05,0.00445938835770724
107,0.1,sparse_cg,1e-05,0.0008640252554711028
108,0.1,sparse_cg,1e-05,0.0014307014077966384
109,0.1,sparse_cg,1e-05,0.0037930760117647526
110,0.1,sparse_cg,0.0001,0.004447948261362786
111,0.1,sparse_cg,0.0001,0.00445938835770724
112,0.1,sparse_cg,0.0001,0.0008640252554711028
113,0.1,sparse_cg,0.0001,0.0014307014077966384
114,0.1,sparse_cg,0.0001,0.0037930760117647526
115,0.1,sparse_cg,0.001,0.004447948261362786
116,0.1,sparse_cg,0.001,0.00445938835770724
117,0.1,sparse_cg,0.001,0.0008640252554711028
118,0.1,sparse_cg,0.001,0.0014307014077966384
119,0.1,sparse_cg,0.001,0.0037930760117647526
120,0.1,sparse_cg,0.01,0.002752829696391863
121,0.1,sparse_cg,0.01,0.007382507208819274
122,0.1,sparse_cg,0.01,0.0007206683130248733
123,0.1,sparse_cg,0.01,0.0037303252271328013
124,0.1,sparse_cg,0.01,0.0038069864357678207
125,0.1,sag,1e-06,0.0026966872941295893
126,0.1,sag,1e-06,0.006752551443757319
127,0.1,sag,1e-06,0.0005898172681292617
128,0.1,sag,1e-06,0.0031898840214460798
129,0.1,sag,1e-06,0.0037641390904110403
130,0.1,sag,1e-05,0.0026967666918918357
131,0.1,sag,1e-05,0.006752402515004169
132,0.1,sag,1e-05,0.0005897352276776255
133,0.1,sag,1e-05,0.003189966722956836
134,0.1,sag,1e-05,0.0037640769653994985
135,0.1,sag,0.0001,0.0026968150517451234
136,0.1,sag,0.0001,0.006752123145321403
137,0.1,sag,0.0001,0.0005898012173374097
138,0.1,sag,0.0001,0.003189675886824582
139,0.1,sag,0.0001,0.0037646364484209545
140,0.1,sag,0.001,0.0026932522430523497
141,0.1,sag,0.001,0.006799326119161961
142,0.1,sag,0.001,0.0005980778631958781
143,0.1,sag,0.001,0.0032272285253535722
144,0.1,sag,0.001,0.003766966998139678
145,0.1,sag,0.01,0.0027365316596241803
146,0.1,sag,0.01,0.007312038185215156
147,0.1,sag,0.01,0.0007021688527100421
148,0.1,sag,0.01,0.003669321966806353
149,0.1,sag,0.01,0.0038016378334219717
150,0.1,saga,1e-06,0.0026972331209337594
151,0.1,saga,1e-06,0.007045922891815933
152,0.1,saga,1e-06,0.0006409786769613911
153,0.1,saga,1e-06,0.003439666117743279
154,0.1,saga,1e-06,0.0037796897403639357
155,0.1,saga,1e-05,0.002697190784262342
156,0.1,saga,1e-05,0.007045894489339622
157,0.1,saga,1e-05,0.0006410526675049544
158,0.1,saga,1e-05,0.0034396089266793203
159,0.1,saga,1e-05,0.0037795425044120884
160,0.1,saga,0.0001,0.00269729699582418
161,0.1,saga,0.0001,0.007045804932484376
162,0.1,saga,0.0001,0.0006410363579095769
163,0.1,saga,0.0001,0.003439915273584648
164,0.1,saga,0.0001,0.0037799778839204944
165,0.1,saga,0.001,0.002698613679719616
166,0.1,saga,0.001,0.007060173697376985
167,0.1,saga,0.001,0.000644513092516465
168,0.1,saga,0.001,0.003451425751024609
169,0.1,saga,0.001,0.003781760895006842
170,0.1,saga,0.01,0.0027442522304515207
171,0.1,saga,0.01,0.007346747829567041
172,0.1,saga,0.01,0.0007111498131013145
173,0.1,saga,0.01,0.003699238602398467
174,0.1,saga,0.01,0.00380372143908024
175,1.0,auto,1e-06,0.004423469376491152
176,1.0,auto,1e-06,0.004471915318552528
177,1.0,auto,1e-06,0.0008584106888005572
178,1.0,auto,1e-06,0.0014373771444544563
179,1.0,auto,1e-06,0.00379235456930353
180,1.0,auto,1e-05,0.004423469376491152
181,1.0,auto,1e-05,0.004471915318552528
182,1.0,auto,1e-05,0.0008584106888005572
183,1.0,auto,1e-05,0.0014373771444544563
184,1.0,auto,1e-05,0.00379235456930353
185,1.0,auto,0.0001,0.004423469376491152
186,1.0,auto,0.0001,0.004471915318552528
187,1.0,auto,0.0001,0.0008584106888005572
188,1.0,auto,0.0001,0.0014373771444544563
189,1.0,auto,0.0001,0.00379235456930353
190,1.0,auto,0.001,0.004423469376491152
191,1.0,auto,0.001,0.004471915318552528
192,1.0,auto,0.001,0.0008584106888005572
193,1.0,auto,0.001,0.0014373771444544563
194,1.0,auto,0.001,0.00379235456930353
195,1.0,auto,0.01,0.004423469376491152
196,1.0,auto,0.01,0.004471915318552528
197,1.0,auto,0.01,0.0008584106888005572
198,1.0,auto,0.01,0.0014373771444544563
199,1.0,auto,0.01,0.00379235456930353
200,1.0,svd,1e-06,0.004423469376491145
201,1.0,svd,1e-06,0.004471915318552455
202,1.0,svd,1e-06,0.0008584106888005419
203,1.0,svd,1e-06,0.001437377144454447
204,1.0,svd,1e-06,0.003792354569303539
205,1.0,svd,1e-05,0.004423469376491145
206,1.0,svd,1e-05,0.004471915318552455
207,1.0,svd,1e-05,0.0008584106888005419
208,1.0,svd,1e-05,0.001437377144454447
209,1.0,svd,1e-05,0.003792354569303539
210,1.0,svd,0.0001,0.004423469376491145
211,1.0,svd,0.0001,0.004471915318552455
212,1.0,svd,0.0001,0.0008584106888005419
213,1.0,svd,0.0001,0.001437377144454447
214,1.0,svd,0.0001,0.003792354569303539
215,1.0,svd,0.001,0.004423469376491145
216,1.0,svd,0.001,0.004471915318552455
217,1.0,svd,0.001,0.0008584106888005419
218,1.0,svd,0.001,0.001437377144454447
219,1.0,svd,0.001,0.003792354569303539
220,1.0,svd,0.01,0.004423469376491145
221,1.0,svd,0.01,0.004471915318552455
222,1.0,svd,0.01,0.0008584106888005419
223,1.0,svd,0.01,0.001437377144454447
224,1.0,svd,0.01,0.003792354569303539
225,1.0,cholesky,1e-06,0.004423469376491152
226,1.0,cholesky,1e-06,0.004471915318552528
227,1.0,cholesky,1e-06,0.0008584106888005572
228,1.0,cholesky,1e-06,0.0014373771444544563
229,1.0,cholesky,1e-06,0.00379235456930353
230,1.0,cholesky,1e-05,0.004423469376491152
231,1.0,cholesky,1e-05,0.004471915318552528
232,1.0,cholesky,1e-05,0.0008584106888005572
233,1.0,cholesky,1e-05,0.0014373771444544563
234,1.0,cholesky,1e-05,0.00379235456930353
235,1.0,cholesky,0.0001,0.004423469376491152
236,1.0,cholesky,0.0001,0.004471915318552528
237,1.0,cholesky,0.0001,0.0008584106888005572
238,1.0,cholesky,0.0001,0.0014373771444544563
239,1.0,cholesky,0.0001,0.00379235456930353
240,1.0,cholesky,0.001,0.004423469376491152
241,1.0,cholesky,0.001,0.004471915318552528
242,1.0,cholesky,0.001,0.0008584106888005572
243,1.0,cholesky,0.001,0.0014373771444544563
244,1.0,cholesky,0.001,0.00379235456930353
245,1.0,cholesky,0.01,0.004423469376491152
246,1.0,cholesky,0.01,0.004471915318552528
247,1.0,cholesky,0.01,0.0008584106888005572
248,1.0,cholesky,0.01,0.0014373771444544563
249,1.0,cholesky,0.01,0.00379235456930353
250,1.0,lsqr,1e-06,0.0044234693764903165
251,1.0,lsqr,1e-06,0.004471915318555387
252,1.0,lsqr,1e-06,0.0008584106888167246
253,1.0,lsqr,1e-06,0.0014373771444552523
254,1.0,lsqr,1e-06,0.0037923545693191027
255,1.0,lsqr,1e-05,0.0044234693764903165
256,1.0,lsqr,1e-05,0.004471915318555387
257,1.0,lsqr,1e-05,0.0008584106888167246
258,1.0,lsqr,1e-05,0.0014373771444552523
259,1.0,lsqr,1e-05,0.0037923545693191027
260,1.0,lsqr,0.0001,0.0044234693764903165
261,1.0,lsqr,0.0001,0.004471915318555387
262,1.0,lsqr,0.0001,0.0008584106888167246
263,1.0,lsqr,0.0001,0.0014373771444552523
264,1.0,lsqr,0.0001,0.0037923545693191027
265,1.0,lsqr,0.001,0.0044234693764903165
266,1.0,lsqr,0.001,0.004471915318555387
267,1.0,lsqr,0.001,0.0008584106888167246
268,1.0,lsqr,0.001,0.0014373771444552523
269,1.0,lsqr,0.001,0.0037923545693191027
270,1.0,lsqr,0.01,0.00275282984049256
271,1.0,lsqr,0.01,0.007382507490963062
272,1.0,lsqr,0.01,0.0007206682470740018
273,1.0,lsqr,0.01,0.0037303252262376723
274,1.0,lsqr,0.01,0.0038069857597576337
275,1.0,sparse_cg,1e-06,0.004423469376492833
276,1.0,sparse_cg,1e-06,0.00447191531858036
277,1.0,sparse_cg,1e-06,0.0008584106887977184
278,1.0,sparse_cg,1e-06,0.0014373771444557025
279,1.0,sparse_cg,1e-06,0.003792354569312702
280,1.0,sparse_cg,1e-05,0.004423469376492833
281,1.0,sparse_cg,1e-05,0.00447191531858036
282,1.0,sparse_cg,1e-05,0.0008584106887977184
283,1.0,sparse_cg,1e-05,0.0014373771444557025
284,1.0,sparse_cg,1e-05,0.003792354569312702
285,1.0,sparse_cg,0.0001,0.004423469376492833
286,1.0,sparse_cg,0.0001,0.00447191531858036
287,1.0,sparse_cg,0.0001,0.0008584106887977184
288,1.0,sparse_cg,0.0001,0.0014373771444557025
289,1.0,sparse_cg,0.0001,0.003792354569312702
290,1.0,sparse_cg,0.001,0.004423469376492833
291,1.0,sparse_cg,0.001,0.00447191531858036
292,1.0,sparse_cg,0.001,0.0008584106887977184
293,1.0,sparse_cg,0.001,0.0014373771444557025
294,1.0,sparse_cg,0.001,0.003792354569312702
295,1.0,sparse_cg,0.01,0.0027528298404925597
296,1.0,sparse_cg,0.01,0.0073825074909630636
297,1.0,sparse_cg,0.01,0.0007206682470740019
298,1.0,sparse_cg,0.01,0.003730325226237672
299,1.0,sparse_cg,0.01,0.0038069857597576315
300,1.0,sag,1e-06,0.0026966620767526826
301,1.0,sag,1e-06,0.006752853878402846
302,1.0,sag,1e-06,0.0005897154466078142
303,1.0,sag,1e-06,0.003189750862170386
304,1.0,sag,1e-06,0.0037646282092642096
305,1.0,sag,1e-05,0.002696571735921871
306,1.0,sag,1e-05,0.0067525790135887324
307,1.0,sag,1e-05,0.0005897633483554761
308,1.0,sag,1e-05,0.00319022324853568
309,1.0,sag,1e-05,0.0037643967889806665
310,1.0,sag,0.0001,0.0026966063790555754
311,1.0,sag,0.0001,0.006752654438607679
312,1.0,sag,0.0001,0.0005897472535040905
313,1.0,sag,0.0001,0.003190083314335221
314,1.0,sag,0.0001,0.003763574033110101
315,1.0,sag,0.001,0.002693320636075101
316,1.0,sag,0.001,0.00679988002636923
317,1.0,sag,0.001,0.0005982259586236116
318,1.0,sag,0.001,0.0032277217440726718
319,1.0,sag,0.001,0.0037682350226147477
320,1.0,sag,0.01,0.0027365374194800226
321,1.0,sag,0.01,0.00731190640506205
322,1.0,sag,0.01,0.0007023016857904984
323,1.0,sag,0.01,0.003668939329992088
324,1.0,sag,0.01,0.003800533592415861
325,1.0,saga,1e-06,0.0026972732373211237
326,1.0,saga,1e-06,0.007045697590357402
327,1.0,saga,1e-06,0.0006410376603446131
328,1.0,saga,1e-06,0.003439785565872132
329,1.0,saga,1e-06,0.0037796351341754433
330,1.0,saga,1e-05,0.002697243349407021
331,1.0,saga,1e-05,0.007045608378171504
332,1.0,saga,1e-05,0.0006410376634195248
333,1.0,saga,1e-05,0.003439857655449412
334,1.0,saga,1e-05,0.0037797066202080146
335,1.0,saga,0.0001,0.0026972736697046256
336,1.0,saga,0.0001,0.007045915787246316
337,1.0,saga,0.0001,0.0006410260593957353
338,1.0,saga,0.0001,0.0034400355141004954
339,1.0,saga,0.0001,0.0037797864206912894
340,1.0,saga,0.001,0.0026986488954255997
341,1.0,saga,0.001,0.007060188796944866
342,1.0,saga,0.001,0.0006445777031597726
343,1.0,saga,0.001,0.0034514420247750126
344,1.0,saga,0.001,0.003781521092298762
345,1.0,saga,0.01,0.0027441501174213564
346,1.0,saga,0.01,0.007346619255142474
347,1.0,saga,0.01,0.0007111822990871062
348,1.0,saga,0.01,0.003699298239787296
349,1.0,saga,0.01,0.0038037987724501288
350,10.0,auto,1e-06,0.004202029778577989
351,10.0,auto,1e-06,0.004592320442295057
352,10.0,auto,1e-06,0.0008076618577224161
353,10.0,auto,1e-06,0.0015041798782480336
354,10.0,auto,1e-06,0.003785822490094346
355,10.0,auto,1e-05,0.004202029778577989
356,10.0,auto,1e-05,0.004592320442295057
357,10.0,auto,1e-05,0.0008076618577224161
358,10.0,auto,1e-05,0.0015041798782480336
359,10.0,auto,1e-05,0.003785822490094346
360,10.0,auto,0.0001,0.004202029778577989
361,10.0,auto,0.0001,0.004592320442295057
362,10.0,auto,0.0001,0.0008076618577224161
363,10.0,auto,0.0001,0.0015041798782480336
364,10.0,auto,0.0001,0.003785822490094346
365,10.0,auto,0.001,0.004202029778577989
366,10.0,auto,0.001,0.004592320442295057
367,10.0,auto,0.001,0.0008076618577224161
368,10.0,auto,0.001,0.0015041798782480336
369,10.0,auto,0.001,0.003785822490094346
370,10.0,auto,0.01,0.004202029778577989
371,10.0,auto,0.01,0.004592320442295057
372,10.0,auto,0.01,0.0008076618577224161
373,10.0,auto,0.01,0.0015041798782480336
374,10.0,auto,0.01,0.003785822490094346
375,10.0,svd,1e-06,0.004202029778577984
376,10.0,svd,1e-06,0.004592320442294988
377,10.0,svd,1e-06,0.0008076618577224012
378,10.0,svd,1e-06,0.001504179878248025
379,10.0,svd,1e-06,0.0037858224900943556
380,10.0,svd,1e-05,0.004202029778577984
381,10.0,svd,1e-05,0.004592320442294988
382,10.0,svd,1e-05,0.0008076618577224012
383,10.0,svd,1e-05,0.001504179878248025
384,10.0,svd,1e-05,0.0037858224900943556
385,10.0,svd,0.0001,0.004202029778577984
386,10.0,svd,0.0001,0.004592320442294988
387,10.0,svd,0.0001,0.0008076618577224012
388,10.0,svd,0.0001,0.001504179878248025
389,10.0,svd,0.0001,0.0037858224900943556
390,10.0,svd,0.001,0.004202029778577984
391,10.0,svd,0.001,0.004592320442294988
392,10.0,svd,0.001,0.0008076618577224012
393,10.0,svd,0.001,0.001504179878248025
394,10.0,svd,0.001,0.0037858224900943556
395,10.0,svd,0.01,0.004202029778577984
396,10.0,svd,0.01,0.004592320442294988
397,10.0,svd,0.01,0.0008076618577224012
398,10.0,svd,0.01,0.001504179878248025
399,10.0,svd,0.01,0.0037858224900943556
400,10.0,cholesky,1e-06,0.004202029778577989
401,10.0,cholesky,1e-06,0.004592320442295057
402,10.0,cholesky,1e-06,0.0008076618577224161
403,10.0,cholesky,1e-06,0.0015041798782480336
404,10.0,cholesky,1e-06,0.003785822490094346
405,10.0,cholesky,1e-05,0.004202029778577989
406,10.0,cholesky,1e-05,0.004592320442295057
407,10.0,cholesky,1e-05,0.0008076618577224161
408,10.0,cholesky,1e-05,0.0015041798782480336
409,10.0,cholesky,1e-05,0.003785822490094346
410,10.0,cholesky,0.0001,0.004202029778577989
411,10.0,cholesky,0.0001,0.004592320442295057
412,10.0,cholesky,0.0001,0.0008076618577224161
413,10.0,cholesky,0.0001,0.0015041798782480336
414,10.0,cholesky,0.0001,0.003785822490094346
415,10.0,cholesky,0.001,0.004202029778577989
416,10.0,cholesky,0.001,0.004592320442295057
417,10.0,cholesky,0.001,0.0008076618577224161
418,10.0,cholesky,0.001,0.0015041798782480336
419,10.0,cholesky,0.001,0.003785822490094346
420,10.0,cholesky,0.01,0.004202029778577989
421,10.0,cholesky,0.01,0.004592320442295057
422,10.0,cholesky,0.01,0.0008076618577224161
423,10.0,cholesky,0.01,0.0015041798782480336
424,10.0,cholesky,0.01,0.003785822490094346
425,10.0,lsqr,1e-06,0.004202029778577086
426,10.0,lsqr,1e-06,0.004592320442298365
427,10.0,lsqr,1e-06,0.0008076618577363755
428,10.0,lsqr,1e-06,0.0015041798782487426
429,10.0,lsqr,1e-06,0.0037858224901092434
430,10.0,lsqr,1e-05,0.004202029778577086
431,10.0,lsqr,1e-05,0.004592320442298365
432,10.0,lsqr,1e-05,0.0008076618577363755
433,10.0,lsqr,1e-05,0.0015041798782487426
434,10.0,lsqr,1e-05,0.0037858224901092434
435,10.0,lsqr,0.0001,0.004202029778577086
436,10.0,lsqr,0.0001,0.004592320442298365
437,10.0,lsqr,0.0001,0.0008076618577363755
438,10.0,lsqr,0.0001,0.0015041798782487426
439,10.0,lsqr,0.0001,0.0037858224901092434
440,10.0,lsqr,0.001,0.004202029778577086
441,10.0,lsqr,0.001,0.004592320442298365
442,10.0,lsqr,0.001,0.0008076618577363755
443,10.0,lsqr,0.001,0.0015041798782487426
444,10.0,lsqr,0.001,0.0037858224901092434
445,10.0,lsqr,0.01,0.002752831281500245
446,10.0,lsqr,0.01,0.007382510312399381
447,10.0,lsqr,0.01,0.0007206675875670045
448,10.0,lsqr,0.01,0.003730325217298471
449,10.0,lsqr,0.01,0.0038069789996700272
450,10.0,sparse_cg,1e-06,0.004202029778576769
451,10.0,sparse_cg,1e-06,0.004592320442304583
452,10.0,sparse_cg,1e-06,0.0008076618577250589
453,10.0,sparse_cg,1e-06,0.0015041798782473683
454,10.0,sparse_cg,1e-06,0.003785822490083225
455,10.0,sparse_cg,1e-05,0.004202029778576769
456,10.0,sparse_cg,1e-05,0.004592320442304583
457,10.0,sparse_cg,1e-05,0.0008076618577250589
458,10.0,sparse_cg,1e-05,0.0015041798782473683
459,10.0,sparse_cg,1e-05,0.003785822490083225
460,10.0,sparse_cg,0.0001,0.004202029778576769
461,10.0,sparse_cg,0.0001,0.004592320442304583
462,10.0,sparse_cg,0.0001,0.0008076618577250589
463,10.0,sparse_cg,0.0001,0.0015041798782473683
464,10.0,sparse_cg,0.0001,0.003785822490083225
465,10.0,sparse_cg,0.001,0.004202029778576769
466,10.0,sparse_cg,0.001,0.004592320442304583
467,10.0,sparse_cg,0.001,0.0008076618577250589
468,10.0,sparse_cg,0.001,0.0015041798782473683
469,10.0,sparse_cg,0.001,0.003785822490083225
470,10.0,sparse_cg,0.01,0.0027528312815002444
471,10.0,sparse_cg,0.01,0.007382510312399378
472,10.0,sparse_cg,0.01,0.0007206675875670045
473,10.0,sparse_cg,0.01,0.00373032521729847
474,10.0,sparse_cg,0.01,0.0038069789996700255
475,10.0,sag,1e-06,0.0026962872963737466
476,10.0,sag,1e-06,0.006755671836027974
477,10.0,sag,1e-06,0.0005902839252305108
478,10.0,sag,1e-06,0.003193448943735719
479,10.0,sag,1e-06,0.0037646343814913908
480,10.0,sag,1e-05,0.0026965121798384296
481,10.0,sag,1e-05,0.006756490587555462
482,10.0,sag,1e-05,0.000590322479154555
483,10.0,sag,1e-05,0.003192674653358281
484,10.0,sag,1e-05,0.0037646506765340207
485,10.0,sag,0.0001,0.0026963595396420677
486,10.0,sag,0.0001,0.006756588035968832
487,10.0,sag,0.0001,0.00059026482286262
488,10.0,sag,0.0001,0.0031922869813231173
489,10.0,sag,0.0001,0.003764482507727089
490,10.0,sag,0.001,0.0026930825400375506
491,10.0,sag,0.001,0.006805270454351676
492,10.0,sag,0.001,0.0005989242334026787
493,10.0,sag,0.001,0.00323166594991175
494,10.0,sag,0.001,0.0037676973397645194
495,10.0,sag,0.01,0.002736676899163739
496,10.0,sag,0.01,0.007311803750255936
497,10.0,sag,0.01,0.0007022262021546301
498,10.0,sag,0.01,0.0036691926562708722
499,10.0,sag,0.01,0.003800298756357611
500,10.0,saga,1e-06,0.002697415930737121
501,10.0,saga,1e-06,0.007046892510841136
502,10.0,saga,1e-06,0.0006412492132551155
503,10.0,saga,1e-06,0.003440595916660905
504,10.0,saga,1e-06,0.003779522928399231
505,10.0,saga,1e-05,0.0026973944877654965
506,10.0,saga,1e-05,0.007046899269729663
507,10.0,saga,1e-05,0.0006412779933190184
508,10.0,saga,1e-05,0.003440616001599735
509,10.0,saga,1e-05,0.003779447164928476
510,10.0,saga,0.0001,0.002697304842131521
511,10.0,saga,0.0001,0.007046615090014369
512,10.0,saga,0.0001,0.0006413118951295109
513,10.0,saga,0.0001,0.003440561117855929
514,10.0,saga,0.0001,0.003779717541273734
515,10.0,saga,0.001,0.002698904926275671
516,10.0,saga,0.001,0.007061757775255144
517,10.0,saga,0.001,0.0006448720258576749
518,10.0,saga,0.001,0.0034528444719785644
519,10.0,saga,0.001,0.0037816813168586455
520,10.0,saga,0.01,0.0027442382940474
521,10.0,saga,0.01,0.0073468590662443605
522,10.0,saga,0.01,0.0007112098041121973
523,10.0,saga,0.01,0.003699323939229796
524,10.0,saga,0.01,0.0038030205901368533
525,100.0,auto,1e-06,0.003182842675131449
526,100.0,auto,1e-06,0.0054300445655086245
527,100.0,auto,1e-06,0.0005868375170440441
528,100.0,auto,1e-06,0.0020669749207120236
529,100.0,auto,1e-06,0.0037581976714107556
530,100.0,auto,1e-05,0.003182842675131449
531,100.0,auto,1e-05,0.0054300445655086245
532,100.0,auto,1e-05,0.0005868375170440441
533,100.0,auto,1e-05,0.0020669749207120236
534,100.0,auto,1e-05,0.0037581976714107556
535,100.0,auto,0.0001,0.003182842675131449
536,100.0,auto,0.0001,0.0054300445655086245
537,100.0,auto,0.0001,0.0005868375170440441
538,100.0,auto,0.0001,0.0020669749207120236
539,100.0,auto,0.0001,0.0037581976714107556
540,100.0,auto,0.001,0.003182842675131449
541,100.0,auto,0.001,0.0054300445655086245
542,100.0,auto,0.001,0.0005868375170440441
543,100.0,auto,0.001,0.0020669749207120236
544,100.0,auto,0.001,0.0037581976714107556
545,100.0,auto,0.01,0.003182842675131449
546,100.0,auto,0.01,0.0054300445655086245
547,100.0,auto,0.01,0.0005868375170440441
548,100.0,auto,0.01,0.0020669749207120236
549,100.0,auto,0.01,0.0037581976714107556
550,100.0,svd,1e-06,0.003182842675131449
551,100.0,svd,1e-06,0.005430044565508587
552,100.0,svd,1e-06,0.000586837517044035
553,100.0,svd,1e-06,0.00206697492071202
554,100.0,svd,1e-06,0.00375819767141076
555,100.0,svd,1e-05,0.003182842675131449
556,100.0,svd,1e-05,0.005430044565508587
557,100.0,svd,1e-05,0.000586837517044035
558,100.0,svd,1e-05,0.00206697492071202
559,100.0,svd,1e-05,0.00375819767141076
560,100.0,svd,0.0001,0.003182842675131449
561,100.0,svd,0.0001,0.005430044565508587
562,100.0,svd,0.0001,0.000586837517044035
563,100.0,svd,0.0001,0.00206697492071202
564,100.0,svd,0.0001,0.00375819767141076
565,100.0,svd,0.001,0.003182842675131449
566,100.0,svd,0.001,0.005430044565508587
567,100.0,svd,0.001,0.000586837517044035
568,100.0,svd,0.001,0.00206697492071202
569,100.0,svd,0.001,0.00375819767141076
570,100.0,svd,0.01,0.003182842675131449
571,100.0,svd,0.01,0.005430044565508587
572,100.0,svd,0.01,0.000586837517044035
573,100.0,svd,0.01,0.00206697492071202
574,100.0,svd,0.01,0.00375819767141076
575,100.0,cholesky,1e-06,0.003182842675131449
576,100.0,cholesky,1e-06,0.0054300445655086245
577,100.0,cholesky,1e-06,0.0005868375170440441
578,100.0,cholesky,1e-06,0.0020669749207120236
579,100.0,cholesky,1e-06,0.0037581976714107556
580,100.0,cholesky,1e-05,0.003182842675131449
581,100.0,cholesky,1e-05,0.0054300445655086245
582,100.0,cholesky,1e-05,0.0005868375170440441
583,100.0,cholesky,1e-05,0.0020669749207120236
584,100.0,cholesky,1e-05,0.0037581976714107556
585,100.0,cholesky,0.0001,0.003182842675131449
586,100.0,cholesky,0.0001,0.0054300445655086245
587,100.0,cholesky,0.0001,0.0005868375170440441
588,100.0,cholesky,0.0001,0.0020669749207120236
589,100.0,cholesky,0.0001,0.0037581976714107556
590,100.0,cholesky,0.001,0.003182842675131449
591,100.0,cholesky,0.001,0.0054300445655086245
592,100.0,cholesky,0.001,0.0005868375170440441
593,100.0,cholesky,0.001,0.0020669749207120236
594,100.0,cholesky,0.001,0.0037581976714107556
595,100.0,cholesky,0.01,0.003182842675131449
596,100.0,cholesky,0.01,0.0054300445655086245
597,100.0,cholesky,0.01,0.0005868375170440441
598,100.0,cholesky,0.01,0.0020669749207120236
599,100.0,cholesky,0.01,0.0037581976714107556
600,100.0,lsqr,1e-06,0.0031828426751303995
601,100.0,lsqr,1e-06,0.005430044565513103
602,100.0,lsqr,1e-06,0.0005868375170472318
603,100.0,lsqr,1e-06,0.002066974920712311
604,100.0,lsqr,1e-06,0.003758197671421146
605,100.0,lsqr,1e-05,0.0031828426751303995
606,100.0,lsqr,1e-05,0.005430044565513103
607,100.0,lsqr,1e-05,0.0005868375170472318
608,100.0,lsqr,1e-05,0.002066974920712311
609,100.0,lsqr,1e-05,0.003758197671421146
610,100.0,lsqr,0.0001,0.0031828426751303995
611,100.0,lsqr,0.0001,0.005430044565513103
612,100.0,lsqr,0.0001,0.0005868375170472318
613,100.0,lsqr,0.0001,0.002066974920712311
614,100.0,lsqr,0.0001,0.003758197671421146
615,100.0,lsqr,0.001,0.0031828426751303995
616,100.0,lsqr,0.001,0.005430044565513103
617,100.0,lsqr,0.001,0.0005868375170472318
618,100.0,lsqr,0.001,0.002066974920712311
619,100.0,lsqr,0.001,0.003758197671421146
620,100.0,lsqr,0.01,0.0027528456916495565
621,100.0,lsqr,0.01,0.007382538526607469
622,100.0,lsqr,0.01,0.0007206609926684456
623,100.0,lsqr,0.01,0.003730325129115877
624,100.0,lsqr,0.01,0.0038069114002198196
625,100.0,sparse_cg,1e-06,0.003182842675135062
626,100.0,sparse_cg,1e-06,0.005430044565504472
627,100.0,sparse_cg,1e-06,0.0005868375170442217
628,100.0,sparse_cg,1e-06,0.002066974920711328
629,100.0,sparse_cg,1e-06,0.003758197671412673
630,100.0,sparse_cg,1e-05,0.003182842675135062
631,100.0,sparse_cg,1e-05,0.005430044565504472
632,100.0,sparse_cg,1e-05,0.0005868375170442217
633,100.0,sparse_cg,1e-05,0.002066974920711328
634,100.0,sparse_cg,1e-05,0.003758197671412673
635,100.0,sparse_cg,0.0001,0.003182842675135062
636,100.0,sparse_cg,0.0001,0.005430044565504472
637,100.0,sparse_cg,0.0001,0.0005868375170442217
638,100.0,sparse_cg,0.0001,0.002066974920711328
639,100.0,sparse_cg,0.0001,0.003758197671412673
640,100.0,sparse_cg,0.001,0.003182842675135062
641,100.0,sparse_cg,0.001,0.005430044565504472
642,100.0,sparse_cg,0.001,0.0005868375170442217
643,100.0,sparse_cg,0.001,0.002066974920711328
644,100.0,sparse_cg,0.001,0.003758197671412673
645,100.0,sparse_cg,0.01,0.0027528456916495565
646,100.0,sparse_cg,0.01,0.007382538526607469
647,100.0,sparse_cg,0.01,0.0007206609926684456
648,100.0,sparse_cg,0.01,0.003730325129115877
649,100.0,sparse_cg,0.01,0.003806911400219817
650,100.0,sag,1e-06,0.002693865220582366
651,100.0,sag,1e-06,0.00678876276148872
652,100.0,sag,1e-06,0.000595196724048188
653,100.0,sag,1e-06,0.0032188202741382905
654,100.0,sag,1e-06,0.0037665399913434858
655,100.0,sag,1e-05,0.0026937188356023645
656,100.0,sag,1e-05,0.006788311947461189
657,100.0,sag,1e-05,0.0005951820307740689
658,100.0,sag,1e-05,0.003218740639265444
659,100.0,sag,1e-05,0.003766787044096796
660,100.0,sag,0.0001,0.0026939279747088337
661,100.0,sag,0.0001,0.006788455200757622
662,100.0,sag,0.0001,0.000595201877713305
663,100.0,sag,0.0001,0.003218417206535876
664,100.0,sag,0.0001,0.00376692706955864
665,100.0,sag,0.001,0.002691205846653781
666,100.0,sag,0.001,0.006853698284804217
667,100.0,sag,0.001,0.0006067078036864512
668,100.0,sag,0.001,0.0032710974641774753
669,100.0,sag,0.001,0.003771719562963898
670,100.0,sag,0.01,0.002736900818788352
671,100.0,sag,0.01,0.00731315362814185
672,100.0,sag,0.01,0.0007023517198469895
673,100.0,sag,0.01,0.0036695167599266405
674,100.0,sag,0.01,0.0037998536675429664
675,100.0,saga,1e-06,0.002698139685664018
676,100.0,saga,1e-06,0.007055824765722285
677,100.0,saga,1e-06,0.0006432031009590387
678,100.0,saga,1e-06,0.0034482531043081984
679,100.0,saga,1e-06,0.0037803027704587746
680,100.0,saga,1e-05,0.0026982172586490927
681,100.0,saga,1e-05,0.007055977561328766
682,100.0,saga,1e-05,0.0006431029805423074
683,100.0,saga,1e-05,0.0034478706594263547
684,100.0,saga,1e-05,0.0037801747468128727
685,100.0,saga,0.0001,0.0026982167725818932
686,100.0,saga,0.0001,0.007055884024026912
687,100.0,saga,0.0001,0.0006431349660261226
688,100.0,saga,0.0001,0.0034480251516506417
689,100.0,saga,0.0001,0.003780605410091433
690,100.0,saga,0.001,0.002700557502721542
691,100.0,saga,0.001,0.007077671837474415
692,100.0,saga,0.001,0.0006481254398597406
693,100.0,saga,0.001,0.003465572336864085
694,100.0,saga,0.001,0.003782814695798743
695,100.0,saga,0.01,0.0027443065764550406
696,100.0,saga,0.01,0.0073470063463487445
697,100.0,saga,0.01,0.0007112483499159566
698,100.0,saga,0.01,0.003699638637669336
699,100.0,saga,0.01,0.0038036862887434113
700,1000.0,auto,1e-06,0.0026929897756352403
701,1000.0,auto,1e-06,0.006908405020580214
702,1000.0,auto,1e-06,0.0006161210742676161
703,1000.0,auto,1e-06,0.003297665664476157
704,1000.0,auto,1e-06,0.003778767759881171
705,1000.0,auto,1e-05,0.0026929897756352403
706,1000.0,auto,1e-05,0.006908405020580214
707,1000.0,auto,1e-05,0.0006161210742676161
708,1000.0,auto,1e-05,0.003297665664476157
709,1000.0,auto,1e-05,0.003778767759881171
710,1000.0,auto,0.0001,0.0026929897756352403
711,1000.0,auto,0.0001,0.006908405020580214
712,1000.0,auto,0.0001,0.0006161210742676161
713,1000.0,auto,0.0001,0.003297665664476157
714,1000.0,auto,0.0001,0.003778767759881171
715,1000.0,auto,0.001,0.0026929897756352403
716,1000.0,auto,0.001,0.006908405020580214
717,1000.0,auto,0.001,0.0006161210742676161
718,1000.0,auto,0.001,0.003297665664476157
719,1000.0,auto,0.001,0.003778767759881171
720,1000.0,auto,0.01,0.0026929897756352403
721,1000.0,auto,0.01,0.006908405020580214
722,1000.0,auto,0.01,0.0006161210742676161
723,1000.0,auto,0.01,0.003297665664476157
724,1000.0,auto,0.01,0.003778767759881171
725,1000.0,svd,1e-06,0.002692989775635241
726,1000.0,svd,1e-06,0.00690840502058021
727,1000.0,svd,1e-06,0.0006161210742676143
728,1000.0,svd,1e-06,0.0032976656644761572
729,1000.0,svd,1e-06,0.0037787677598811807
730,1000.0,svd,1e-05,0.002692989775635241
731,1000.0,svd,1e-05,0.00690840502058021
732,1000.0,svd,1e-05,0.0006161210742676143
733,1000.0,svd,1e-05,0.0032976656644761572
734,1000.0,svd,1e-05,0.0037787677598811807
735,1000.0,svd,0.0001,0.002692989775635241
736,1000.0,svd,0.0001,0.00690840502058021
737,1000.0,svd,0.0001,0.0006161210742676143
738,1000.0,svd,0.0001,0.0032976656644761572
739,1000.0,svd,0.0001,0.0037787677598811807
740,1000.0,svd,0.001,0.002692989775635241
741,1000.0,svd,0.001,0.00690840502058021
742,1000.0,svd,0.001,0.0006161210742676143
743,1000.0,svd,0.001,0.0032976656644761572
744,1000.0,svd,0.001,0.0037787677598811807
745,1000.0,svd,0.01,0.002692989775635241
746,1000.0,svd,0.01,0.00690840502058021
747,1000.0,svd,0.01,0.0006161210742676143
748,1000.0,svd,0.01,0.0032976656644761572
749,1000.0,svd,0.01,0.0037787677598811807
750,1000.0,cholesky,1e-06,0.0026929897756352403
751,1000.0,cholesky,1e-06,0.006908405020580214
752,1000.0,cholesky,1e-06,0.0006161210742676161
753,1000.0,cholesky,1e-06,0.003297665664476157
754,1000.0,cholesky,1e-06,0.003778767759881171
755,1000.0,cholesky,1e-05,0.0026929897756352403
756,1000.0,cholesky,1e-05,0.006908405020580214
757,1000.0,cholesky,1e-05,0.0006161210742676161
758,1000.0,cholesky,1e-05,0.003297665664476157
759,1000.0,cholesky,1e-05,0.003778767759881171
760,1000.0,cholesky,0.0001,0.0026929897756352403
761,1000.0,cholesky,0.0001,0.006908405020580214
762,1000.0,cholesky,0.0001,0.0006161210742676161
763,1000.0,cholesky,0.0001,0.003297665664476157
764,1000.0,cholesky,0.0001,0.003778767759881171
765,1000.0,cholesky,0.001,0.0026929897756352403
766,1000.0,cholesky,0.001,0.006908405020580214
767,1000.0,cholesky,0.001,0.0006161210742676161
768,1000.0,cholesky,0.001,0.003297665664476157
769,1000.0,cholesky,0.001,0.003778767759881171
770,1000.0,cholesky,0.01,0.0026929897756352403
771,1000.0,cholesky,0.01,0.006908405020580214
772,1000.0,cholesky,0.01,0.0006161210742676161
773,1000.0,cholesky,0.01,0.003297665664476157
774,1000.0,cholesky,0.01,0.003778767759881171
775,1000.0,lsqr,1e-06,0.002692989775634871
776,1000.0,lsqr,1e-06,0.006908405020581899
777,1000.0,lsqr,1e-06,0.0006161210742660043
778,1000.0,lsqr,1e-06,0.00329766566447617
779,1000.0,lsqr,1e-06,0.003778767759883756
780,1000.0,lsqr,1e-05,0.002692989775634871
781,1000.0,lsqr,1e-05,0.006908405020581899
782,1000.0,lsqr,1e-05,0.0006161210742660043
783,1000.0,lsqr,1e-05,0.00329766566447617
784,1000.0,lsqr,1e-05,0.003778767759883756
785,1000.0,lsqr,0.0001,0.002692989775634871
786,1000.0,lsqr,0.0001,0.006908405020581899
787,1000.0,lsqr,0.0001,0.0006161210742660043
788,1000.0,lsqr,0.0001,0.00329766566447617
789,1000.0,lsqr,0.0001,0.003778767759883756
790,1000.0,lsqr,0.001,0.002692989775634871
791,1000.0,lsqr,0.001,0.006908405020581899
792,1000.0,lsqr,0.001,0.0006161210742660043
793,1000.0,lsqr,0.001,0.00329766566447617
794,1000.0,lsqr,0.001,0.003778767759883756
795,1000.0,lsqr,0.01,0.0027529898003853066
796,1000.0,lsqr,0.01,0.007382820653182258
797,1000.0,lsqr,0.01,0.0007205950608218993
798,1000.0,lsqr,0.01,0.003730324368197494
799,1000.0,lsqr,0.01,0.003806235548280559
800,1000.0,sparse_cg,1e-06,0.0026929897756353192
801,1000.0,sparse_cg,1e-06,0.006908405020581803
802,1000.0,sparse_cg,1e-06,0.000616121074267826
803,1000.0,sparse_cg,1e-06,0.003297665664476095
804,1000.0,sparse_cg,1e-06,0.003778767759876624
805,1000.0,sparse_cg,1e-05,0.0026929897756353192
806,1000.0,sparse_cg,1e-05,0.006908405020581803
807,1000.0,sparse_cg,1e-05,0.000616121074267826
808,1000.0,sparse_cg,1e-05,0.003297665664476095
809,1000.0,sparse_cg,1e-05,0.003778767759876624
810,1000.0,sparse_cg,0.0001,0.0026929897756353192
811,1000.0,sparse_cg,0.0001,0.006908405020581803
812,1000.0,sparse_cg,0.0001,0.000616121074267826
813,1000.0,sparse_cg,0.0001,0.003297665664476095
814,1000.0,sparse_cg,0.0001,0.003778767759876624
815,1000.0,sparse_cg,0.001,0.0026929897756353192
816,1000.0,sparse_cg,0.001,0.006908405020581803
817,1000.0,sparse_cg,0.001,0.000616121074267826
818,1000.0,sparse_cg,0.001,0.003297665664476095
819,1000.0,sparse_cg,0.001,0.003778767759876624
820,1000.0,sparse_cg,0.01,0.0027529898003853057
821,1000.0,sparse_cg,0.01,0.007382820653182255
822,1000.0,sparse_cg,0.01,0.0007205950608218994
823,1000.0,sparse_cg,0.01,0.003730324368197494
824,1000.0,sparse_cg,0.01,0.0038062355482805584
825,1000.0,sag,1e-06,0.00269729559106395
826,1000.0,sag,1e-06,0.0070147174740291095
827,1000.0,sag,1e-06,0.0006351020145369766
828,1000.0,sag,1e-06,0.003402587979222364
829,1000.0,sag,1e-06,0.0037813903662817306
830,1000.0,sag,1e-05,0.0026973511210343607
831,1000.0,sag,1e-05,0.0070143675346518945
832,1000.0,sag,1e-05,0.0006351008831134142
833,1000.0,sag,1e-05,0.0034025845075689384
834,1000.0,sag,1e-05,0.0037813875474492675
835,1000.0,sag,0.0001,0.0026973200264596986
836,1000.0,sag,0.0001,0.0070144352601419395
837,1000.0,sag,0.0001,0.0006351042800002519
838,1000.0,sag,0.0001,0.0034023277852274513
839,1000.0,sag,0.0001,0.003781464502197612
840,1000.0,sag,0.001,0.002704765647316452
841,1000.0,sag,0.001,0.007096584567409804
842,1000.0,sag,0.001,0.0006521083666402679
843,1000.0,sag,0.001,0.003474322415022838
844,1000.0,sag,0.001,0.0037866743230175618
845,1000.0,sag,0.01,0.0027385091923994376
846,1000.0,sag,0.01,0.007320035618229531
847,1000.0,sag,0.01,0.0007040374965802195
848,1000.0,sag,0.01,0.0036754653246119256
849,1000.0,sag,0.01,0.003802978236434443
850,1000.0,saga,1e-06,0.002707685613832164
851,1000.0,saga,1e-06,0.007132001534472853
852,1000.0,saga,1e-06,0.0006593831014897969
853,1000.0,saga,1e-06,0.0035095883026333386
854,1000.0,saga,1e-06,0.003786838528031348
855,1000.0,saga,1e-05,0.002707655861174947
856,1000.0,saga,1e-05,0.007131962998831907
857,1000.0,saga,1e-05,0.0006593409133081817
858,1000.0,saga,1e-05,0.0035095793109699725
859,1000.0,saga,1e-05,0.0037868362532809574
860,1000.0,saga,0.0001,0.002707640468359778
861,1000.0,saga,0.0001,0.00713201650382793
862,1000.0,saga,0.0001,0.0006593788001399604
863,1000.0,saga,0.0001,0.0035098013094258707
864,1000.0,saga,0.0001,0.0037869331333568275
865,1000.0,saga,0.001,0.0027143810978078825
866,1000.0,saga,0.001,0.007178195045224721
867,1000.0,saga,0.001,0.0006699465357746595
868,1000.0,saga,0.001,0.0035488159572687914
869,1000.0,saga,0.001,0.0037907116445574335
870,1000.0,saga,0.01,0.002744989523199246
871,1000.0,saga,0.01,0.007349235087565942
872,1000.0,saga,0.01,0.0007116616366635226
873,1000.0,saga,0.01,0.0037010193439971093
874,1000.0,saga,0.01,0.0038028991594144797
